,AP,BLESS,Battig,ESSLI_1a,ESSLI_2b,ESSLI_2c,MEN,MTurk,RG65,RW,SimLex999,TR9856,WS353,WS353R,WS353S,Google,MSR,SemEval2012_2
0,0.3606965174129353,0.485,0.23876887784362455,0.5454545454545454,0.65,0.4,0.2969699032923121,0.3584245211178857,0.40823507753901167,-0.006160882144893751,0.009134114145383064,0.08793953543921491,0.09605453591405282,0.1539223400825102,0.08034679347765031,0.010437986082685223,0.00425,0.09957552641513696
